<?xml version="1.0" encoding="UTF-8"?>
<configurationDescriptor version="90">
  <logicalFolder name="root" displayName="root" projectFiles="true" kind="ROOT">
    <logicalFolder name="HeaderFiles" displayName="头文件" projectFiles="true">
      <itemPath>Assertx.h</itemPath>
      <itemPath>Common.h</itemPath>
      <itemPath>Log.h</itemPath>
      <itemPath>SMUManager.h</itemPath>
      <itemPath>ShareMemAO.h</itemPath>
      <itemPath>ShareMemApi.h</itemPath>
      <itemPath>ShareMemManager.h</itemPath>
      <itemPath>User.h</itemPath>
    </logicalFolder>
    <logicalFolder name="SourceFiles" displayName="源文件" projectFiles="true">
      <itemPath>Assertx.cpp</itemPath>
      <itemPath>Log.cpp</itemPath>
      <itemPath>ShareMemAO.cpp</itemPath>
      <itemPath>ShareMemAPI.cpp</itemPath>
      <itemPath>main.cpp</itemPath>
    </logicalFolder>
    <logicalFolder name="ResourceFiles" displayName="资源文件" projectFiles="true">
    </logicalFolder>
    <logicalFolder name="TestFiles"
                   displayName="测试文件"
                   projectFiles="false"
                   kind="TEST_LOGICAL_FOLDER">
    </logicalFolder>
    <logicalFolder name="ExternalFiles"
                   displayName="重要文件"
                   projectFiles="false"
                   kind="IMPORTANT_FILES_FOLDER">
      <itemPath>Makefile</itemPath>
    </logicalFolder>
  </logicalFolder>
  <projectmakefile>Makefile</projectmakefile>
  <confs>
    <conf name="Debug" type="1">
      <toolsSet>
        <compilerSet>default</compilerSet>
        <dependencyChecking>true</dependencyChecking>
        <rebuildPropChanged>false</rebuildPropChanged>
      </toolsSet>
      <compileType>
      </compileType>
      <item path="Assertx.cpp" ex="false" tool="1" flavor2="0">
      </item>
      <item path="Assertx.h" ex="false" tool="3" flavor2="0">
      </item>
      <item path="Common.h" ex="false" tool="3" flavor2="0">
      </item>
      <item path="Log.cpp" ex="false" tool="1" flavor2="0">
      </item>
      <item path="Log.h" ex="false" tool="3" flavor2="0">
      </item>
      <item path="SMUManager.h" ex="false" tool="3" flavor2="0">
      </item>
      <item path="ShareMemAO.cpp" ex="false" tool="1" flavor2="0">
      </item>
      <item path="ShareMemAO.h" ex="false" tool="3" flavor2="0">
      </item>
      <item path="ShareMemAPI.cpp" ex="false" tool="1" flavor2="0">
      </item>
      <item path="ShareMemApi.h" ex="false" tool="3" flavor2="0">
      </item>
      <item path="ShareMemManager.h" ex="false" tool="3" flavor2="0">
      </item>
      <item path="User.h" ex="false" tool="3" flavor2="0">
      </item>
      <item path="main.cpp" ex="false" tool="1" flavor2="0">
      </item>
    </conf>
    <conf name="Release" type="1">
      <toolsSet>
        <compilerSet>default</compilerSet>
        <dependencyChecking>true</dependencyChecking>
        <rebuildPropChanged>false</rebuildPropChanged>
      </toolsSet>
      <compileType>
        <cTool>
          <developmentMode>5</developmentMode>
        </cTool>
        <ccTool>
          <developmentMode>5</developmentMode>
        </ccTool>
        <fortranCompilerTool>
          <developmentMode>5</developmentMode>
        </fortranCompilerTool>
        <asmTool>
          <developmentMode>5</developmentMode>
        </asmTool>
      </compileType>
      <item path="Assertx.cpp" ex="false" tool="1" flavor2="0">
      </item>
      <item path="Assertx.h" ex="false" tool="3" flavor2="0">
      </item>
      <item path="Common.h" ex="false" tool="3" flavor2="0">
      </item>
      <item path="Log.cpp" ex="false" tool="1" flavor2="0">
      </item>
      <item path="Log.h" ex="false" tool="3" flavor2="0">
      </item>
      <item path="SMUManager.h" ex="false" tool="3" flavor2="0">
      </item>
      <item path="ShareMemAO.cpp" ex="false" tool="1" flavor2="0">
      </item>
      <item path="ShareMemAO.h" ex="false" tool="3" flavor2="0">
      </item>
      <item path="ShareMemAPI.cpp" ex="false" tool="1" flavor2="0">
      </item>
      <item path="ShareMemApi.h" ex="false" tool="3" flavor2="0">
      </item>
      <item path="ShareMemManager.h" ex="false" tool="3" flavor2="0">
      </item>
      <item path="User.h" ex="false" tool="3" flavor2="0">
      </item>
      <item path="main.cpp" ex="false" tool="1" flavor2="0">
      </item>
    </conf>
  </confs>
</configurationDescriptor>
